{"cameraMode":{"drawMode":0,"name":"Shaded","section":"Shading Mode"},"sceneLighting":true,"audioPlay":false,"sceneViewState":{"showFog":true,"showMaterialUpdate":false,"showSkybox":true,"showFlares":true,"showImageEffects":true,"showParticleSystems":true},"in2DMode":false,"pivot":{"x":431.8116760253906,"y":318.6075744628906,"z":23.060148239135743},"rotation":{"x":0.161393940448761,"y":0.052357155829668048,"z":-0.008552073501050473,"w":0.9856155514717102},"size":372.771728515625,"orthographic":false}