{"cameraMode":{"drawMode":0,"name":"Shaded","section":"Shading Mode"},"sceneLighting":false,"audioPlay":false,"sceneViewState":{"showFog":true,"showMaterialUpdate":false,"showSkybox":false,"showFlares":true,"showImageEffects":true,"showParticleSystems":true},"in2DMode":false,"pivot":{"x":0.7242434620857239,"y":0.6217840909957886,"z":-0.33058851957321169},"rotation":{"x":-0.27563244104385378,"y":0.4126242697238922,"z":-0.13256922364234925,"w":-0.8581175208091736},"size":10.0,"orthographic":false}