{"cameraMode":{"drawMode":0,"name":"Shaded","section":"Shading Mode"},"sceneLighting":false,"audioPlay":false,"sceneViewState":{"showFog":true,"showMaterialUpdate":false,"showSkybox":false,"showFlares":true,"showImageEffects":true,"showParticleSystems":true},"in2DMode":false,"pivot":{"x":0.629300057888031,"y":0.5043618679046631,"z":-201.91650390625},"rotation":{"x":0.18948331475257874,"y":-0.5248803496360779,"z":0.12112507969141007,"w":0.8210306763648987},"size":3.439716339111328,"orthographic":false}