{"cameraMode":{"drawMode":0,"name":"Shaded","section":"Shading Mode"},"sceneLighting":false,"audioPlay":false,"sceneViewState":{"showFog":true,"showMaterialUpdate":false,"showSkybox":false,"showFlares":true,"showImageEffects":true,"showParticleSystems":true},"in2DMode":false,"pivot":{"x":0.23774507641792298,"y":2.4957191944122316,"z":1.1340519189834595},"rotation":{"x":0.04201807454228401,"y":-0.9559336304664612,"z":0.16980504989624024,"w":0.23631058633327485},"size":2.211233139038086,"orthographic":false}