{"cameraMode":{"drawMode":0,"name":"Shaded","section":"Shading Mode"},"sceneLighting":false,"audioPlay":false,"sceneViewState":{"showFog":true,"showMaterialUpdate":false,"showSkybox":false,"showFlares":true,"showImageEffects":true,"showParticleSystems":true},"in2DMode":false,"pivot":{"x":4.240421295166016,"y":8.620001792907715,"z":-216.59857177734376},"rotation":{"x":0.10847629606723786,"y":0.14204047620296479,"z":-0.01564926467835903,"w":0.9838665723800659},"size":1.5,"orthographic":false}