{"cameraMode":{"drawMode":0,"name":"Shaded","section":"Shading Mode"},"sceneLighting":false,"audioPlay":false,"sceneViewState":{"showFog":true,"showMaterialUpdate":false,"showSkybox":false,"showFlares":true,"showImageEffects":true,"showParticleSystems":true},"in2DMode":false,"pivot":{"x":3.9393155574798586,"y":8.815797805786133,"z":-216.65457153320313},"rotation":{"x":0.049254871904850009,"y":-0.8820199966430664,"z":0.09455642849206925,"w":0.459170401096344},"size":2.0999999046325685,"orthographic":false}