{"cameraMode":{"drawMode":0,"name":"Shaded","section":"Shading Mode"},"sceneLighting":false,"audioPlay":false,"sceneViewState":{"showFog":true,"showMaterialUpdate":false,"showSkybox":false,"showFlares":true,"showImageEffects":true,"showParticleSystems":true},"in2DMode":false,"pivot":{"x":2.0,"y":0.44999995827674868,"z":-1.4888195991516114},"rotation":{"x":-0.27563244104385378,"y":0.4126242697238922,"z":-0.13256922364234925,"w":-0.8581175208091736},"size":0.6503469944000244,"orthographic":false}