{"cameraMode":{"drawMode":0,"name":"Shaded","section":"Shading Mode"},"sceneLighting":false,"audioPlay":false,"sceneViewState":{"showFog":true,"showMaterialUpdate":false,"showSkybox":false,"showFlares":true,"showImageEffects":true,"showParticleSystems":true},"in2DMode":false,"pivot":{"x":0.13324427604675294,"y":1.0582324266433716,"z":-194.0},"rotation":{"x":-0.22081345319747926,"y":-0.18479125201702119,"z":0.042618319392204288,"w":-0.9567871689796448},"size":3.6894900798797609,"orthographic":false}