{"cameraMode":{"drawMode":0,"name":"Shaded","section":"Shading Mode"},"sceneLighting":false,"audioPlay":false,"sceneViewState":{"showFog":true,"showMaterialUpdate":false,"showSkybox":false,"showFlares":true,"showImageEffects":true,"showParticleSystems":true},"in2DMode":false,"pivot":{"x":1.5416653156280518,"y":0.5792424082756043,"z":-0.7912143468856812},"rotation":{"x":-0.019514361396431924,"y":0.9557329416275024,"z":-0.2865681052207947,"w":-0.0651722326874733},"size":0.6503469944000244,"orthographic":false}